State,Year,Per_Capita_Personal_Income
Alabama,1998,22651
Alaska,1998,29287
Arizona,1998,24130
Arkansas,1998,21203
California,1998,28901
Colorado,1998,29776
Connecticut,1998,37638
Delaware,1998,29444
Florida,1998,26909
Georgia,1998,26107
Hawaii,1998,26625
Idaho,1998,22756
Illinois,1998,29873
Indiana,1998,25758
Iowa,1998,25198
Kansas,1998,26201
Kentucky,1998,22433
Louisiana,1998,22265
Maine,1998,24830
Maryland,1998,31417
Massachusetts,1998,32767
Michigan,1998,27286
Minnesota,1998,29141
Mississippi,1998,20173
Missouri,1998,25506
Montana,1998,21431
Nebraska,1998,26387
Nevada,1998,29256
New Hampshire,1998,30348
New Jersey,1998,34580
New Mexico,1998,21318
New York,1998,31995
North Carolina,1998,25385
North Dakota,1998,23286
Ohio,1998,26388
Oklahoma,1998,22009
Oregon,1998,25915
Pennsylvania,1998,27309
Rhode Island,1998,27493
South Carolina,1998,22900
South Dakota,1998,24265
Tennessee,1998,25091
Texas,1998,25543
Utah,1998,22207
Vermont,1998,25747
Virginia,1998,28965
Washington,1998,29355
West Virginia,1998,20451
Wisconsin,1998,27018
Wyoming,1998,25704
Alabama,1999,23296
Alaska,1999,29941
Arizona,1999,24866
Arkansas,1999,21842
California,1999,30529
Colorado,1999,31167
Connecticut,1999,39479
Delaware,1999,31119
Florida,1999,27662
Georgia,1999,27184
Hawaii,1999,27618
Idaho,1999,23658
Illinois,1999,30958
Indiana,1999,26545
Iowa,1999,25705
Kansas,1999,26871
Kentucky,1999,23189
Louisiana,1999,22677
Maine,1999,25793
Maryland,1999,32948
Massachusetts,1999,34767
Michigan,1999,28506
Minnesota,1999,30240
Mississippi,1999,20681
Missouri,1999,26281
Montana,1999,21723
Nebraska,1999,27467
Nevada,1999,30301
New Hampshire,1999,31857
New Jersey,1999,35854
New Mexico,1999,21523
New York,1999,33641
North Carolina,1999,26158
North Dakota,1999,23683
Ohio,1999,27119
Oklahoma,1999,22390
Oregon,1999,26498
Pennsylvania,1999,28416
Rhode Island,1999,28432
South Carolina,1999,23687
South Dakota,1999,25251
Tennessee,1999,25756
Texas,1999,26452
Utah,1999,22995
Vermont,1999,27000
Virginia,1999,30574
Washington,1999,30786
West Virginia,1999,21017
Wisconsin,1999,27892
Wyoming,1999,27404
Alabama,2000,24258
Alaska,2000,31996
Arizona,2000,26271
Arkansas,2000,22731
California,2000,33175
Colorado,2000,33872
Connecticut,2000,42857
Delaware,2000,33810
Florida,2000,29387
Georgia,2000,28760
Hawaii,2000,29174
Idaho,2000,25139
Illinois,2000,33072
Indiana,2000,28075
Iowa,2000,27341
Kansas,2000,28166
Kentucky,2000,24815
Louisiana,2000,23907
Maine,2000,27478
Maryland,2000,35480
Massachusetts,2000,38381
Michigan,2000,30250
Minnesota,2000,32348
Mississippi,2000,21628
Missouri,2000,27857
Montana,2000,22982
Nebraska,2000,28924
Nevada,2000,31858
New Hampshire,2000,35323
New Jersey,2000,39095
New Mexico,2000,23019
New York,2000,35955
North Carolina,2000,27410
North Dakota,2000,25842
Ohio,2000,28496
Oklahoma,2000,24124
Oregon,2000,28257
Pennsylvania,2000,30339
Rhode Island,2000,30350
South Carolina,2000,25025
South Dakota,2000,26727
Tennessee,2000,26998
Texas,2000,28253
Utah,2000,24162
Vermont,2000,29002
Virginia,2000,32631
Washington,2000,32538
West Virginia,2000,22275
Wisconsin,2000,29493
Wyoming,2000,29426
Alabama,2001,25046
Alaska,2001,33591
Arizona,2001,26946
Arkansas,2001,23841
California,2001,33915
Colorado,2001,34812
Connecticut,2001,45032
Delaware,2001,36917
Florida,2001,30405
Georgia,2001,29693
Hawaii,2001,30178
Idaho,2001,25803
Illinois,2001,34206
Indiana,2001,28596
Iowa,2001,28145
Kansas,2001,29047
Kentucky,2001,25564
Louisiana,2001,25630
Maine,2001,28821
Maryland,2001,37012
Massachusetts,2001,39711
Michigan,2001,30694
Minnesota,2001,33417
Mississippi,2001,22806
Missouri,2001,28634
Montana,2001,23910
Nebraska,2001,30184
Nevada,2001,32418
New Hampshire,2001,36782
New Jersey,2001,40189
New Mexico,2001,24545
New York,2001,37176
North Carolina,2001,27782
North Dakota,2001,26493
Ohio,2001,29261
Oklahoma,2001,25557
Oregon,2001,28774
Pennsylvania,2001,31563
Rhode Island,2001,31795
South Carolina,2001,25644
South Dakota,2001,27563
Tennessee,2001,27496
Texas,2001,29601
Utah,2001,24867
Vermont,2001,30704
Virginia,2001,33940
Washington,2001,32986
West Virginia,2001,23731
Wisconsin,2001,30812
Wyoming,2001,31215
Alabama,2002,25671
Alaska,2002,34766
Arizona,2002,27325
Arkansas,2002,24280
California,2002,34047
Colorado,2002,34405
Connecticut,2002,44656
Delaware,2002,37660
Florida,2002,30815
Georgia,2002,30086
Hawaii,2002,31353
Idaho,2002,26272
Illinois,2002,34520
Indiana,2002,28902
Iowa,2002,28804
Kansas,2002,29218
Kentucky,2002,26053
Louisiana,2002,26281
Maine,2002,29546
Maryland,2002,37995
Massachusetts,2002,39419
Michigan,2002,30595
Minnesota,2002,33889
Mississippi,2002,23202
Missouri,2002,29144
Montana,2002,24516
Nebraska,2002,30553
Nevada,2002,32180
New Hampshire,2002,37013
New Jersey,2002,40454
New Mexico,2002,25237
New York,2002,36972
North Carolina,2002,27856
North Dakota,2002,27197
Ohio,2002,29669
Oklahoma,2002,25999
Oregon,2002,28759
Pennsylvania,2002,32084
Rhode Island,2002,32801
South Carolina,2002,26122
South Dakota,2002,27497
Tennessee,2002,28102
Texas,2002,29481
Utah,2002,25167
Vermont,2002,31194
Virginia,2002,34495
Washington,2002,33222
West Virginia,2002,24506
Wisconsin,2002,31406
Wyoming,2002,31810
Alabama,2003,26700
Alaska,2003,36045
Arizona,2003,28384
Arkansas,2003,25564
California,2003,35191
Colorado,2003,34757
Connecticut,2003,44898
Delaware,2003,37985
Florida,2003,31779
Georgia,2003,30805
Hawaii,2003,32557
Idaho,2003,26739
Illinois,2003,35081
Indiana,2003,29445
Iowa,2003,29344
Kansas,2003,30029
Kentucky,2003,26661
Louisiana,2003,26987
Maine,2003,30740
Maryland,2003,39295
Massachusetts,2003,40158
Michigan,2003,31267
Minnesota,2003,35195
Mississippi,2003,24060
Missouri,2003,30054
Montana,2003,26114
Nebraska,2003,32268
Nevada,2003,33136
New Hampshire,2003,37374
New Jersey,2003,41167
New Mexico,2003,26108
New York,2003,37420
North Carolina,2003,28709
North Dakota,2003,29663
Ohio,2003,30471
Oklahoma,2003,27184
Oregon,2003,29523
Pennsylvania,2003,33066
Rhode Island,2003,34256
South Carolina,2003,26792
South Dakota,2003,29883
Tennessee,2003,29059
Texas,2003,30176
Utah,2003,25749
Vermont,2003,32282
Virginia,2003,36151
Washington,2003,34267
West Virginia,2003,24804
Wisconsin,2003,32084
Wyoming,2003,33642
Alabama,2004,28385
Alaska,2004,37054
Arizona,2004,30154
Arkansas,2004,27024
California,2004,36969
Colorado,2004,35753
Connecticut,2004,47098
Delaware,2004,38843
Florida,2004,33706
Georgia,2004,31982
Hawaii,2004,34336
Idaho,2004,28299
Illinois,2004,36366
Indiana,2004,30657
Iowa,2004,31615
Kansas,2004,30748
Kentucky,2004,28030
Louisiana,2004,27983
Maine,2004,32096
Maryland,2004,41515
Massachusetts,2004,42242
Michigan,2004,32092
Minnesota,2004,37084
Mississippi,2004,25287
Missouri,2004,31396
Montana,2004,28034
Nebraska,2004,33496
Nevada,2004,35173
New Hampshire,2004,39324
New Jersey,2004,42825
New Mexico,2004,27366
New York,2004,39093
North Carolina,2004,30586
North Dakota,2004,29984
Ohio,2004,31588
Oklahoma,2004,29194
Oregon,2004,30980
Pennsylvania,2004,34860
Rhode Island,2004,35867
South Carolina,2004,27892
South Dakota,2004,31871
Tennessee,2004,30435
Texas,2004,31097
Utah,2004,26980
Vermont,2004,33955
Virginia,2004,38082
Washington,2004,36309
West Virginia,2004,25628
Wisconsin,2004,33319
Wyoming,2004,35921
Alabama,2005,29780
Alaska,2005,39013
Arizona,2005,32150
Arkansas,2005,28043
California,2005,38737
Colorado,2005,37619
Connecticut,2005,49424
Delaware,2005,39133
Florida,2005,35736
Georgia,2005,33283
Hawaii,2005,36278
Idaho,2005,29214
Illinois,2005,37720
Indiana,2005,31376
Iowa,2005,32411
Kansas,2005,32340
Kentucky,2005,29104
Louisiana,2005,29970
Maine,2005,32684
Maryland,2005,43311
Massachusetts,2005,44061
Michigan,2005,32756
Minnesota,2005,37812
Mississippi,2005,26716
Missouri,2005,32256
Montana,2005,29839
Nebraska,2005,34401
Nevada,2005,37907
New Hampshire,2005,40404
New Jersey,2005,44238
New Mexico,2005,28744
New York,2005,40645
North Carolina,2005,32209
North Dakota,2005,31731
Ohio,2005,32419
Oklahoma,2005,31699
Oregon,2005,32125
Pennsylvania,2005,36173
Rhode Island,2005,36746
South Carolina,2005,29136
South Dakota,2005,33534
Tennessee,2005,31410
Texas,2005,33136
Utah,2005,28751
Vermont,2005,34573
Virginia,2005,40027
Washington,2005,37202
West Virginia,2005,26836
Wisconsin,2005,34218
Wyoming,2005,38907
Alabama,2006,31264
Alaska,2006,41013
Arizona,2006,34460
Arkansas,2006,29376
California,2006,41454
Colorado,2006,39869
Connecticut,2006,53224
Delaware,2006,40736
Florida,2006,38009
Georgia,2006,34574
Hawaii,2006,38315
Idaho,2006,31244
Illinois,2006,40021
Indiana,2006,32905
Iowa,2006,34197
Kansas,2006,35411
Kentucky,2006,30476
Louisiana,2006,33627
Maine,2006,34168
Maryland,2006,45293
Massachusetts,2006,47311
Michigan,2006,33563
Minnesota,2006,39362
Mississippi,2006,27827
Missouri,2006,33860
Montana,2006,31870
Nebraska,2006,35718
Nevada,2006,39437
New Hampshire,2006,42866
New Jersey,2006,47366
New Mexico,2006,30433
New York,2006,43760
North Carolina,2006,34189
North Dakota,2006,33120
Ohio,2006,33976
Oklahoma,2006,34650
Oregon,2006,34488
Pennsylvania,2006,37803
Rhode Island,2006,38719
South Carolina,2006,30789
South Dakota,2006,34983
Tennessee,2006,32878
Texas,2006,35422
Utah,2006,31107
Vermont,2006,36609
Virginia,2006,42164
Washington,2006,39744
West Virginia,2006,28528
Wisconsin,2006,36047
Wyoming,2006,43805
Alabama,2007,32516
Alaska,2007,43747
Arizona,2007,35602
Arkansas,2007,31036
California,2007,43070
Colorado,2007,41760
Connecticut,2007,57112
Delaware,2007,41539
Florida,2007,39184
Georgia,2007,35440
Hawaii,2007,40301
Idaho,2007,32459
Illinois,2007,42148
Indiana,2007,33845
Iowa,2007,36366
Kansas,2007,37748
Kentucky,2007,31529
Louisiana,2007,36208
Maine,2007,35402
Maryland,2007,47033
Massachusetts,2007,49662
Michigan,2007,34669
Minnesota,2007,41325
Mississippi,2007,29432
Missouri,2007,35228
Montana,2007,33841
Nebraska,2007,38184
Nevada,2007,39870
New Hampshire,2007,44422
New Jersey,2007,50133
New Mexico,2007,31780
New York,2007,47020
North Carolina,2007,35960
North Dakota,2007,36501
Ohio,2007,35371
Oklahoma,2007,35493
Oregon,2007,35624
Pennsylvania,2007,40008
Rhode Island,2007,40608
South Carolina,2007,32190
South Dakota,2007,38330
Tennessee,2007,33963
Texas,2007,36879
Utah,2007,32924
Vermont,2007,38595
Virginia,2007,44020
Washington,2007,42524
West Virginia,2007,29544
Wisconsin,2007,37522
Wyoming,2007,45634
Alabama,2008,33441
Alaska,2008,47800
Arizona,2008,35586
Arkansas,2008,32157
California,2008,43391
Colorado,2008,42961
Connecticut,2008,60543
Delaware,2008,41254
Florida,2008,39185
Georgia,2008,35272
Hawaii,2008,41887
Idaho,2008,32690
Illinois,2008,43238
Indiana,2008,35270
Iowa,2008,38490
Kansas,2008,41060
Kentucky,2008,32830
Louisiana,2008,38328
Maine,2008,36960
Maryland,2008,49026
Massachusetts,2008,51546
Michigan,2008,35826
Minnesota,2008,42983
Mississippi,2008,30736
Missouri,2008,37124
Montana,2008,35569
Nebraska,2008,40291
Nevada,2008,38640
New Hampshire,2008,45713
New Jersey,2008,51606
New Mexico,2008,33552
New York,2008,47909
North Carolina,2008,37772
North Dakota,2008,40973
Ohio,2008,36654
Oklahoma,2008,39154
Oregon,2008,36856
Pennsylvania,2008,41467
Rhode Island,2008,41487
South Carolina,2008,33110
South Dakota,2008,40891
Tennessee,2008,34954
Texas,2008,39841
Utah,2008,33784
Vermont,2008,40774
Virginia,2008,45383
Washington,2008,44098
West Virginia,2008,31494
Wisconsin,2008,38857
Wyoming,2008,49451
Alabama,2009,32717
Alaska,2009,47211
Arizona,2009,33467
Arkansas,2009,31411
California,2009,41660
Colorado,2009,40258
Connecticut,2009,59586
Delaware,2009,41056
Florida,2009,36777
Georgia,2009,34213
Hawaii,2009,41144
Idaho,2009,31200
Illinois,2009,41088
Indiana,2009,34200
Iowa,2009,37246
Kansas,2009,39382
Kentucky,2009,32198
Louisiana,2009,36803
Maine,2009,37107
Maryland,2009,48448
Massachusetts,2009,50751
Michigan,2009,34247
Minnesota,2009,40963
Mississippi,2009,30220
Missouri,2009,36306
Montana,2009,34479
Nebraska,2009,39422
Nevada,2009,36125
New Hampshire,2009,45119
New Jersey,2009,49828
New Mexico,2009,32901
New York,2009,46936
North Carolina,2009,35921
North Dakota,2009,40186
Ohio,2009,35593
Oklahoma,2009,35835
Oregon,2009,35286
Pennsylvania,2009,40446
Rhode Island,2009,40588
South Carolina,2009,31973
South Dakota,2009,39435
Tennessee,2009,34427
Texas,2009,37234
Utah,2009,31796
Vermont,2009,40358
Virginia,2009,44091
Washington,2009,41679
West Virginia,2009,31653
Wisconsin,2009,38138
Wyoming,2009,44499
Alabama,2010,33848
Alaska,2010,49543
Arizona,2010,33778
Arkansas,2010,32218
California,2010,43137
Colorado,2010,40827
Connecticut,2010,61392
Delaware,2010,41100
Florida,2010,38779
Georgia,2010,34740
Hawaii,2010,41498
Idaho,2010,31948
Illinois,2010,42107
Indiana,2010,35590
Iowa,2010,38190
Kansas,2010,39821
Kentucky,2010,33187
Louisiana,2010,38067
Maine,2010,38018
Maryland,2010,49616
Massachusetts,2010,52707
Michigan,2010,35635
Minnesota,2010,42538
Mississippi,2010,31213
Missouri,2010,36984
Montana,2010,35999
Nebraska,2010,41085
Nevada,2010,37289
New Hampshire,2010,46982
New Jersey,2010,50961
New Mexico,2010,33658
New York,2010,48578
North Carolina,2010,35848
North Dakota,2010,44081
Ohio,2010,36580
Oklahoma,2010,37157
Oregon,2010,35941
Pennsylvania,2010,42097
Rhode Island,2010,42630
South Carolina,2010,32749
South Dakota,2010,41275
Tennessee,2010,35809
Texas,2010,38911
Utah,2010,32037
Vermont,2010,41491
Virginia,2010,45442
Washington,2010,42327
West Virginia,2010,32642
Wisconsin,2010,39048
Wyoming,2010,46395
Alabama,2011,34884
Alaska,2011,52415
Arizona,2011,35263
Arkansas,2011,34181
California,2011,45508
Colorado,2011,43735
Connecticut,2011,62964
Delaware,2011,43779
Florida,2011,40437
Georgia,2011,36760
Hawaii,2011,42758
Idaho,2011,33447
Illinois,2011,44075
Indiana,2011,37681
Iowa,2011,40879
Kansas,2011,42889
Kentucky,2011,34607
Louisiana,2011,38966
Maine,2011,39502
Maryland,2011,51797
Massachusetts,2011,54757
Michigan,2011,37689
Minnesota,2011,45134
Mississippi,2011,32454
Missouri,2011,38402
Montana,2011,38150
Nebraska,2011,45607
Nevada,2011,38595
New Hampshire,2011,49086
New Jersey,2011,52854
New Mexico,2011,35069
New York,2011,50772
North Carolina,2011,36822
North Dakota,2011,48873
Ohio,2011,38927
Oklahoma,2011,39694
Oregon,2011,37531
Pennsylvania,2011,44119
Rhode Island,2011,44095
South Carolina,2011,34406
South Dakota,2011,44532
Tennessee,2011,37696
Texas,2011,41941
Utah,2011,34015
Vermont,2011,43754
Virginia,2011,47563
Washington,2011,44279
West Virginia,2011,34490
Wisconsin,2011,41067
Wyoming,2011,50631
Alabama,2012,35559
Alaska,2012,53340
Arizona,2012,36364
Arkansas,2012,36289
California,2012,47793
Colorado,2012,45495
Connecticut,2012,63556
Delaware,2012,43771
Florida,2012,41211
Georgia,2012,37250
Hawaii,2012,43523
Idaho,2012,34812
Illinois,2012,45934
Indiana,2012,39148
Iowa,2012,42539
Kansas,2012,44913
Kentucky,2012,35630
Louisiana,2012,40662
Maine,2012,39992
Maryland,2012,52481
Massachusetts,2012,56259
Michigan,2012,39042
Minnesota,2012,47399
Mississippi,2012,33441
Missouri,2012,39983
Montana,2012,40217
Nebraska,2012,46385
Nevada,2012,39680
New Hampshire,2012,50715
New Jersey,2012,54235
New Mexico,2012,35694
New York,2012,52625
North Carolina,2012,38876
North Dakota,2012,56056
Ohio,2012,40279
Oklahoma,2012,41905
Oregon,2012,39128
Pennsylvania,2012,45637
Rhode Island,2012,45298
South Carolina,2012,35807
South Dakota,2012,44996
Tennessee,2012,39079
Texas,2012,43869
Utah,2012,35622
Vermont,2012,44858
Virginia,2012,49049
Washington,2012,47053
West Virginia,2012,35233
Wisconsin,2012,42639
Wyoming,2012,53597
Alabama,2013,35706
Alaska,2013,52252
Arizona,2013,36918
Arkansas,2013,36286
California,2013,48074
Colorado,2013,47088
Connecticut,2013,62000
Delaware,2013,43943
Florida,2013,40743
Georgia,2013,37484
Hawaii,2013,43548
Idaho,2013,35699
Illinois,2013,46735
Indiana,2013,39435
Iowa,2013,43009
Kansas,2013,45669
Kentucky,2013,35758
Louisiana,2013,40996
Maine,2013,39950
Maryland,2013,51871
Massachusetts,2013,56119
Michigan,2013,39292
Minnesota,2013,47413
Mississippi,2013,33976
Missouri,2013,40121
Montana,2013,40142
Nebraska,2013,45911
Nevada,2013,39331
New Hampshire,2013,50423
New Jersey,2013,54365
New Mexico,2013,34857
New York,2013,52874
North Carolina,2013,38074
North Dakota,2013,54337
Ohio,2013,40752
Oklahoma,2013,43607
Oregon,2013,39462
Pennsylvania,2013,45902
Rhode Island,2013,45104
South Carolina,2013,35923
South Dakota,2013,44988
Tennessee,2013,39099
Texas,2013,44403
Utah,2013,36102
Vermont,2013,45296
Virginia,2013,48195
Washington,2013,47448
West Virginia,2013,35093
Wisconsin,2013,42685
Wyoming,2013,52835
Alabama,2014,36722
Alaska,2014,55098
Arizona,2014,38268
Arkansas,2014,38220
California,2014,50617
Colorado,2014,50251
Connecticut,2014,64484
Delaware,2014,45359
Florida,2014,42877
Georgia,2014,39550
Hawaii,2014,45445
Idaho,2014,37107
Illinois,2014,48536
Indiana,2014,40719
Iowa,2014,44120
Kansas,2014,46289
Kentucky,2014,37225
Louisiana,2014,42533
Maine,2014,41137
Maryland,2014,53075
Massachusetts,2014,58129
Michigan,2014,40829
Minnesota,2014,49357
Mississippi,2014,34623
Missouri,2014,41380
Montana,2014,41850
Nebraska,2014,48187
Nevada,2014,41126
New Hampshire,2014,51988
New Jersey,2014,56367
New Mexico,2014,36880
New York,2014,54496
North Carolina,2014,39880
North Dakota,2014,56647
Ohio,2014,42277
Oklahoma,2014,45884
Oregon,2014,41654
Pennsylvania,2014,47467
Rhode Island,2014,46630
South Carolina,2014,37755
South Dakota,2014,46732
Tennessee,2014,40225
Texas,2014,46747
Utah,2014,37621
Vermont,2014,46894
Virginia,2014,49760
Washington,2014,50259
West Virginia,2014,36243
Wisconsin,2014,44156
Wyoming,2014,56251
Alabama,2015,38189
Alaska,2015,56714
Arizona,2015,39888
Arkansas,2015,39267
California,2015,53816
Colorado,2015,51401
Connecticut,2015,66222
Delaware,2015,47238
Florida,2015,44957
Georgia,2015,41527
Hawaii,2015,47150
Idaho,2015,38813
Illinois,2015,50688
Indiana,2015,42146
Iowa,2015,45442
Kansas,2015,46597
Kentucky,2015,38766
Louisiana,2015,42484
Maine,2015,42939
Maryland,2015,55032
Massachusetts,2015,61536
Michigan,2015,42982
Minnesota,2015,51353
Mississippi,2015,35100
Missouri,2015,42677
Montana,2015,43095
Nebraska,2015,49708
Nevada,2015,43799
New Hampshire,2015,54161
New Jersey,2015,58408
New Mexico,2015,37752
New York,2015,56608
North Carolina,2015,41632
North Dakota,2015,52972
Ohio,2015,43799
Oklahoma,2015,44279
Oregon,2015,44166
Pennsylvania,2015,49291
Rhode Island,2015,48049
South Carolina,2015,39598
South Dakota,2015,48308
Tennessee,2015,41937
Texas,2015,46767
Utah,2015,39881
Vermont,2015,48117
Virginia,2015,51617
Washington,2015,52408
West Virginia,2015,37068
Wisconsin,2015,45928
Wyoming,2015,56120
Alabama,2016,38704
Alaska,2016,55536
Arizona,2016,41173
Arkansas,2016,40181
California,2016,55862
Colorado,2016,51312
Connecticut,2016,67551
Delaware,2016,48186
Florida,2016,45730
Georgia,2016,42742
Hawaii,2016,48561
Idaho,2016,39653
Illinois,2016,51347
Indiana,2016,43143
Iowa,2016,45669
Kansas,2016,46717
Kentucky,2016,39319
Louisiana,2016,42132
Maine,2016,44234
Maryland,2016,56606
Massachusetts,2016,63476
Michigan,2016,44080
Minnesota,2016,51982
Mississippi,2016,35638
Missouri,2016,43826
Montana,2016,43301
Nebraska,2016,48688
Nevada,2016,44715
New Hampshire,2016,55677
New Jersey,2016,59776
New Mexico,2016,38474
New York,2016,58400
North Carolina,2016,42596
North Dakota,2016,51298
Ohio,2016,44574
Oklahoma,2016,42053
Oregon,2016,45467
Pennsylvania,2016,50572
Rhode Island,2016,48515
South Carolina,2016,40752
South Dakota,2016,48284
Tennessee,2016,42938
Texas,2016,45868
Utah,2016,41295
Vermont,2016,48827
Virginia,2016,52656
Washington,2016,54296
West Virginia,2016,37075
Wisconsin,2016,46595
Wyoming,2016,53419
Alabama,2017,39968
Alaska,2017,56500
Arizona,2017,43255
Arkansas,2017,41403
California,2017,58214
Colorado,2017,54176
Connecticut,2017,69147
Delaware,2017,49997
Florida,2017,48447
Georgia,2017,44836
Hawaii,2017,50506
Idaho,2017,41197
Illinois,2017,53056
Indiana,2017,44568
Iowa,2017,46767
Kansas,2017,48271
Kentucky,2017,40403
Louisiana,2017,43486
Maine,2017,45905
Maryland,2017,58245
Massachusetts,2017,66069
Michigan,2017,45264
Minnesota,2017,53826
Mississippi,2017,36579
Missouri,2017,44781
Montana,2017,45369
Nebraska,2017,49533
Nevada,2017,46991
New Hampshire,2017,57878
New Jersey,2017,61704
New Mexico,2017,39196
New York,2017,62206
North Carolina,2017,44219
North Dakota,2017,51830
Ohio,2017,46114
Oklahoma,2017,43873
Oregon,2017,47566
Pennsylvania,2017,51886
Rhode Island,2017,50414
South Carolina,2017,42385
South Dakota,2017,49408
Tennessee,2017,44407
Texas,2017,48524
Utah,2017,43030
Vermont,2017,50009
Virginia,2017,54377
Washington,2017,56800
West Virginia,2017,38841
Wisconsin,2017,48311
Wyoming,2017,56378
Alabama,2018,41324
Alaska,2018,58997
Arizona,2018,45297
Arkansas,2018,43031
California,2018,60984
Colorado,2018,57798
Connecticut,2018,72159
Delaware,2018,52670
Florida,2018,51015
Georgia,2018,46624
Hawaii,2018,51554
Idaho,2018,43254
Illinois,2018,56077
Indiana,2018,46555
Iowa,2018,48773
Kansas,2018,50282
Kentucky,2018,41658
Louisiana,2018,45465
Maine,2018,47729
Maryland,2018,59915
Massachusetts,2018,69191
Michigan,2018,47089
Minnesota,2018,56201
Mississippi,2018,37624
Missouri,2018,46680
Montana,2018,47208
Nebraska,2018,51436
Nevada,2018,49289
New Hampshire,2018,60335
New Jersey,2018,64198
New Mexico,2018,40976
New York,2018,64229
North Carolina,2018,46048
North Dakota,2018,55173
Ohio,2018,47821
Oklahoma,2018,46030
Oregon,2018,50209
Pennsylvania,2018,54468
Rhode Island,2018,52132
South Carolina,2018,43817
South Dakota,2018,51579
Tennessee,2018,46449
Texas,2018,51346
Utah,2018,45463
Vermont,2018,51691
Virginia,2018,56130
Washington,2018,59824
West Virginia,2018,41001
Wisconsin,2018,50520
Wyoming,2018,59197
Alabama,2019,42998
Alaska,2019,60504
Arizona,2019,47718
Arkansas,2019,43737
California,2019,64219
Colorado,2019,61278
Connecticut,2019,74176
Delaware,2019,53778
Florida,2019,53666
Georgia,2019,48529
Hawaii,2019,53940
Idaho,2019,45880
Illinois,2019,57738
Indiana,2019,48270
Iowa,2019,49674
Kansas,2019,52156
Kentucky,2019,43466
Louisiana,2019,47015
Maine,2019,49983
Maryland,2019,61723
Massachusetts,2019,72381
Michigan,2019,48577
Minnesota,2019,57903
Mississippi,2019,39142
Missouri,2019,48425
Montana,2019,49654
Nebraska,2019,53513
Nevada,2019,51942
New Hampshire,2019,63946
New Jersey,2019,67518
New Mexico,2019,43223
New York,2019,66460
North Carolina,2019,48374
North Dakota,2019,56657
Ohio,2019,49395
Oklahoma,2019,48177
Oregon,2019,52190
Pennsylvania,2019,56139
Rhode Island,2019,55123
South Carolina,2019,46150
South Dakota,2019,54408
Tennessee,2019,48903
Texas,2019,53271
Utah,2019,48163
Vermont,2019,54278
Virginia,2019,58362
Washington,2019,63431
West Virginia,2019,42615
Wisconsin,2019,52370
Wyoming,2019,61853
Alabama,2020,45854
Alaska,2020,61858
Arizona,2020,52042
Arkansas,2020,47103
California,2020,70098
Colorado,2020,64693
Connecticut,2020,76829
Delaware,2020,55501
Florida,2020,56540
Georgia,2020,51463
Hawaii,2020,56998
Idaho,2020,49609
Illinois,2020,61584
Indiana,2020,51746
Iowa,2020,52625
Kansas,2020,55101
Kentucky,2020,47054
Louisiana,2020,50136
Maine,2020,54297
Maryland,2020,64884
Massachusetts,2020,77435
Michigan,2020,52798
Minnesota,2020,61328
Mississippi,2020,42448
Missouri,2020,52145
Montana,2020,53488
Nebraska,2020,56749
Nevada,2020,54676
New Hampshire,2020,67537
New Jersey,2020,70433
New Mexico,2020,46486
New York,2020,70396
North Carolina,2020,51758
North Dakota,2020,60368
Ohio,2020,52842
Oklahoma,2020,50022
Oregon,2020,56577
Pennsylvania,2020,60249
Rhode Island,2020,59255
South Carolina,2020,48770
South Dakota,2020,59429
Tennessee,2020,51959
Texas,2020,54805
Utah,2020,51742
Vermont,2020,58134
Virginia,2020,61403
Washington,2020,67643
West Virginia,2020,44869
Wisconsin,2020,55435
Wyoming,2020,65096
Alabama,2021,50483
Alaska,2021,65563
Arizona,2021,56976
Arkansas,2021,52845
California,2021,76882
Colorado,2021,71706
Connecticut,2021,81758
Delaware,2021,59630
Florida,2021,62242
Georgia,2021,56088
Hawaii,2021,61063
Idaho,2021,55417
Illinois,2021,66666
Indiana,2021,57272
Iowa,2021,58207
Kansas,2021,59021
Kentucky,2021,51769
Louisiana,2021,54959
Maine,2021,59175
Maryland,2021,69081
Massachusetts,2021,83805
Michigan,2021,56916
Minnesota,2021,67460
Mississippi,2021,46869
Missouri,2021,56639
Montana,2021,58981
Nebraska,2021,63526
Nevada,2021,60805
New Hampshire,2021,73682
New Jersey,2021,76052
New Mexico,2021,50691
New York,2021,76016
North Carolina,2021,57008
North Dakota,2021,65974
Ohio,2021,57340
Oklahoma,2021,54500
Oregon,2021,62347
Pennsylvania,2021,63788
Rhode Island,2021,62907
South Carolina,2021,53224
South Dakota,2021,67029
Tennessee,2021,57508
Texas,2021,60211
Utah,2021,58191
Vermont,2021,60818
Virginia,2021,66983
Washington,2021,73651
West Virginia,2021,48802
Wisconsin,2021,60465
Wyoming,2021,70973
Alabama,2022,51683
Alaska,2022,69015
Arizona,2022,58968
Arkansas,2022,55323
California,2022,76941
Colorado,2022,76674
Connecticut,2022,84994
Delaware,2022,63964
Florida,2022,64557
Georgia,2022,57290
Hawaii,2022,62564
Idaho,2022,57140
Illinois,2022,68566
Indiana,2022,58973
Iowa,2022,61575
Kansas,2022,62326
Kentucky,2022,52705
Louisiana,2022,55729
Maine,2022,61690
Maryland,2022,71340
Massachusetts,2022,86200
Michigan,2022,58009
Minnesota,2022,69903
Mississippi,2022,47134
Missouri,2022,59007
Montana,2022,61567
Nebraska,2022,67065
Nevada,2022,62467
New Hampshire,2022,74827
New Jersey,2022,77744
New Mexico,2022,53079
New York,2022,77502
North Carolina,2022,58953
North Dakota,2022,71238
Ohio,2022,58391
Oklahoma,2022,58043
Oregon,2022,64107
Pennsylvania,2022,65401
Rhode Island,2022,64406
South Carolina,2022,54429
South Dakota,2022,69724
Tennessee,2022,59210
Texas,2022,62987
Utah,2022,60782
Vermont,2022,63624
Virginia,2022,69707
Washington,2022,75673
West Virginia,2022,50134
Wisconsin,2022,61992
Wyoming,2022,76440
Alabama,2023,54209
Alaska,2023,71611
Arizona,2023,62543
Arkansas,2023,57635
California,2023,81255
Colorado,2023,80068
Connecticut,2023,89945
Delaware,2023,66850
Florida,2023,68703
Georgia,2023,59882
Hawaii,2023,66175
Idaho,2023,59385
Illinois,2023,72245
Indiana,2023,61243
Iowa,2023,62779
Kansas,2023,66115
Kentucky,2023,55360
Louisiana,2023,58845
Maine,2023,65105
Maryland,2023,75391
Massachusetts,2023,90596
Michigan,2023,61144
Minnesota,2023,72557
Mississippi,2023,49652
Missouri,2023,62604
Montana,2023,64989
Nebraska,2023,71347
Nevada,2023,66238
New Hampshire,2023,78944
New Jersey,2023,82103
New Mexico,2023,55343
New York,2023,82323
North Carolina,2023,61839
North Dakota,2023,72041
Ohio,2023,61495
Oklahoma,2023,60545
Oregon,2023,67838
Pennsylvania,2023,68945
Rhode Island,2023,67562
South Carolina,2023,57332
South Dakota,2023,72466
Tennessee,2023,62229
Texas,2023,66252
Utah,2023,64175
Vermont,2023,66932
Virginia,2023,73841
Washington,2023,80930
West Virginia,2023,52826
Wisconsin,2023,64976
Wyoming,2023,82060
