State,Year,Per_Capita_Personal_Consumption
Alabama,1998,18235
Alaska,1998,24110
Arizona,1998,21251
Arkansas,1998,16862
California,1998,21897
Colorado,1998,23516
Connecticut,1998,26257
Delaware,1998,24385
Florida,1998,23124
Georgia,1998,20523
Hawaii,1998,22620
Idaho,1998,18030
Illinois,1998,22352
Indiana,1998,19600
Iowa,1998,19451
Kansas,1998,20153
Kentucky,1998,18386
Louisiana,1998,17735
Maine,1998,21314
Maryland,1998,23220
Massachusetts,1998,25986
Michigan,1998,20599
Minnesota,1998,23605
Mississippi,1998,15767
Missouri,1998,21056
Montana,1998,19069
Nebraska,1998,19982
Nevada,1998,22596
New Hampshire,1998,24570
New Jersey,1998,24883
New Mexico,1998,18056
New York,1998,21592
North Carolina,1998,19976
North Dakota,1998,19162
Ohio,1998,20378
Oklahoma,1998,17491
Oregon,1998,21132
Pennsylvania,1998,21883
Rhode Island,1998,21279
South Carolina,1998,19062
South Dakota,1998,18231
Tennessee,1998,19899
Texas,1998,20040
Utah,1998,18257
Vermont,1998,22528
Virginia,1998,21809
Washington,1998,22788
West Virginia,1998,17355
Wisconsin,1998,20564
Wyoming,1998,20184
Alabama,1999,19157
Alaska,1999,25423
Arizona,1999,22272
Arkansas,1999,17839
California,1999,23174
Colorado,1999,25114
Connecticut,1999,27892
Delaware,1999,25719
Florida,1999,24157
Georgia,1999,21675
Hawaii,1999,23560
Idaho,1999,18953
Illinois,1999,23423
Indiana,1999,20680
Iowa,1999,20479
Kansas,1999,21406
Kentucky,1999,19432
Louisiana,1999,18555
Maine,1999,22730
Maryland,1999,24526
Massachusetts,1999,27557
Michigan,1999,21838
Minnesota,1999,25145
Mississippi,1999,16689
Missouri,1999,22216
Montana,1999,20177
Nebraska,1999,21204
Nevada,1999,23980
New Hampshire,1999,26148
New Jersey,1999,26359
New Mexico,1999,18965
New York,1999,22961
North Carolina,1999,21184
North Dakota,1999,20177
Ohio,1999,21532
Oklahoma,1999,18383
Oregon,1999,22310
Pennsylvania,1999,23220
Rhode Island,1999,22474
South Carolina,1999,20158
South Dakota,1999,19344
Tennessee,1999,20950
Texas,1999,21123
Utah,1999,18974
Vermont,1999,23938
Virginia,1999,23245
Washington,1999,24191
West Virginia,1999,18325
Wisconsin,1999,21823
Wyoming,1999,21566
Alabama,2000,20158
Alaska,2000,27243
Arizona,2000,23528
Arkansas,2000,18878
California,2000,24843
Colorado,2000,27049
Connecticut,2000,29575
Delaware,2000,27103
Florida,2000,25688
Georgia,2000,22937
Hawaii,2000,25006
Idaho,2000,20106
Illinois,2000,25055
Indiana,2000,21856
Iowa,2000,21604
Kansas,2000,22758
Kentucky,2000,20645
Louisiana,2000,19489
Maine,2000,24190
Maryland,2000,26332
Massachusetts,2000,29603
Michigan,2000,23073
Minnesota,2000,26969
Mississippi,2000,17649
Missouri,2000,23557
Montana,2000,21413
Nebraska,2000,22603
Nevada,2000,25190
New Hampshire,2000,27887
New Jersey,2000,28193
New Mexico,2000,19971
New York,2000,24536
North Carolina,2000,22462
North Dakota,2000,21446
Ohio,2000,22914
Oklahoma,2000,19516
Oregon,2000,23612
Pennsylvania,2000,24801
Rhode Island,2000,24122
South Carolina,2000,21305
South Dakota,2000,20478
Tennessee,2000,22102
Texas,2000,22526
Utah,2000,20027
Vermont,2000,25541
Virginia,2000,24772
Washington,2000,25767
West Virginia,2000,19401
Wisconsin,2000,23235
Wyoming,2000,22979
Alabama,2001,20868
Alaska,2001,28599
Arizona,2001,24135
Arkansas,2001,19615
California,2001,25721
Colorado,2001,27861
Connecticut,2001,30664
Delaware,2001,28267
Florida,2001,26452
Georgia,2001,23600
Hawaii,2001,25717
Idaho,2001,20694
Illinois,2001,25799
Indiana,2001,22548
Iowa,2001,22313
Kansas,2001,23568
Kentucky,2001,21277
Louisiana,2001,20261
Maine,2001,25390
Maryland,2001,27462
Massachusetts,2001,30997
Michigan,2001,23808
Minnesota,2001,27929
Mississippi,2001,18451
Missouri,2001,24458
Montana,2001,22432
Nebraska,2001,23451
Nevada,2001,25744
New Hampshire,2001,29144
New Jersey,2001,29466
New Mexico,2001,20703
New York,2001,25420
North Carolina,2001,22948
North Dakota,2001,22705
Ohio,2001,23795
Oklahoma,2001,20335
Oregon,2001,24217
Pennsylvania,2001,25856
Rhode Island,2001,25189
South Carolina,2001,21945
South Dakota,2001,21386
Tennessee,2001,22577
Texas,2001,23377
Utah,2001,20586
Vermont,2001,26934
Virginia,2001,25688
Washington,2001,26227
West Virginia,2001,20210
Wisconsin,2001,24124
Wyoming,2001,23867
Alabama,2002,21700
Alaska,2002,30252
Arizona,2002,24770
Arkansas,2002,20268
California,2002,26525
Colorado,2002,28236
Connecticut,2002,31654
Delaware,2002,29357
Florida,2002,26836
Georgia,2002,24126
Hawaii,2002,26358
Idaho,2002,21197
Illinois,2002,26462
Indiana,2002,23206
Iowa,2002,22833
Kansas,2002,24075
Kentucky,2002,21975
Louisiana,2002,20937
Maine,2002,26648
Maryland,2002,28323
Massachusetts,2002,32001
Michigan,2002,24535
Minnesota,2002,28872
Mississippi,2002,19261
Missouri,2002,25317
Montana,2002,23568
Nebraska,2002,24029
Nevada,2002,26379
New Hampshire,2002,30327
New Jersey,2002,30708
New Mexico,2002,21310
New York,2002,26282
North Carolina,2002,23299
North Dakota,2002,23806
Ohio,2002,24551
Oklahoma,2002,20796
Oregon,2002,24853
Pennsylvania,2002,26760
Rhode Island,2002,26320
South Carolina,2002,22591
South Dakota,2002,22270
Tennessee,2002,23201
Texas,2002,23808
Utah,2002,21222
Vermont,2002,28064
Virginia,2002,26744
Washington,2002,26895
West Virginia,2002,21000
Wisconsin,2002,24937
Wyoming,2002,24616
Alabama,2003,22673
Alaska,2003,31704
Arizona,2003,25926
Arkansas,2003,21208
California,2003,27670
Colorado,2003,29233
Connecticut,2003,33023
Delaware,2003,30820
Florida,2003,27874
Georgia,2003,25126
Hawaii,2003,27809
Idaho,2003,22151
Illinois,2003,27533
Indiana,2003,24145
Iowa,2003,23980
Kansas,2003,25168
Kentucky,2003,22889
Louisiana,2003,22027
Maine,2003,27957
Maryland,2003,29591
Massachusetts,2003,33795
Michigan,2003,25387
Minnesota,2003,30127
Mississippi,2003,20163
Missouri,2003,26336
Montana,2003,24797
Nebraska,2003,25241
Nevada,2003,27384
New Hampshire,2003,32139
New Jersey,2003,32338
New Mexico,2003,22292
New York,2003,27657
North Carolina,2003,24167
North Dakota,2003,25103
Ohio,2003,25607
Oklahoma,2003,21807
Oregon,2003,25816
Pennsylvania,2003,28267
Rhode Island,2003,27981
South Carolina,2003,23526
South Dakota,2003,23503
Tennessee,2003,24018
Texas,2003,24570
Utah,2003,22025
Vermont,2003,29590
Virginia,2003,28112
Washington,2003,28174
West Virginia,2003,21847
Wisconsin,2003,26184
Wyoming,2003,26018
Alabama,2004,23932
Alaska,2004,33138
Arizona,2004,27487
Arkansas,2004,22293
California,2004,29284
Colorado,2004,30702
Connecticut,2004,34916
Delaware,2004,32468
Florida,2004,29483
Georgia,2004,26254
Hawaii,2004,29259
Idaho,2004,23293
Illinois,2004,28884
Indiana,2004,25580
Iowa,2004,25369
Kansas,2004,26534
Kentucky,2004,24086
Louisiana,2004,23127
Maine,2004,29456
Maryland,2004,31273
Massachusetts,2004,35818
Michigan,2004,26479
Minnesota,2004,31699
Mississippi,2004,21252
Missouri,2004,27392
Montana,2004,26293
Nebraska,2004,26816
Nevada,2004,29017
New Hampshire,2004,33900
New Jersey,2004,34080
New Mexico,2004,23533
New York,2004,29350
North Carolina,2004,25399
North Dakota,2004,26461
Ohio,2004,26680
Oklahoma,2004,22845
Oregon,2004,27456
Pennsylvania,2004,29739
Rhode Island,2004,29375
South Carolina,2004,24904
South Dakota,2004,24997
Tennessee,2004,25215
Texas,2004,25690
Utah,2004,23398
Vermont,2004,31301
Virginia,2004,29888
Washington,2004,29696
West Virginia,2004,23097
Wisconsin,2004,27585
Wyoming,2004,27757
Alabama,2005,25303
Alaska,2005,35017
Arizona,2005,29116
Arkansas,2005,23574
California,2005,31119
Colorado,2005,32131
Connecticut,2005,36902
Delaware,2005,34191
Florida,2005,31222
Georgia,2005,27684
Hawaii,2005,31273
Idaho,2005,24687
Illinois,2005,30453
Indiana,2005,26874
Iowa,2005,26625
Kansas,2005,27885
Kentucky,2005,25299
Louisiana,2005,24059
Maine,2005,30997
Maryland,2005,33194
Massachusetts,2005,37797
Michigan,2005,27539
Minnesota,2005,32806
Mississippi,2005,22374
Missouri,2005,28594
Montana,2005,27928
Nebraska,2005,28226
Nevada,2005,30786
New Hampshire,2005,35741
New Jersey,2005,35947
New Mexico,2005,25022
New York,2005,31331
North Carolina,2005,26822
North Dakota,2005,28053
Ohio,2005,27894
Oklahoma,2005,24387
Oregon,2005,28979
Pennsylvania,2005,31201
Rhode Island,2005,31105
South Carolina,2005,26362
South Dakota,2005,26610
Tennessee,2005,26499
Texas,2005,27215
Utah,2005,24734
Vermont,2005,33059
Virginia,2005,31765
Washington,2005,31270
West Virginia,2005,24258
Wisconsin,2005,28907
Wyoming,2005,29663
Alabama,2006,26245
Alaska,2006,35947
Arizona,2006,30529
Arkansas,2006,24523
California,2006,32926
Colorado,2006,33483
Connecticut,2006,38715
Delaware,2006,35312
Florida,2006,33085
Georgia,2006,28615
Hawaii,2006,33048
Idaho,2006,26100
Illinois,2006,31912
Indiana,2006,27752
Iowa,2006,27856
Kansas,2006,29408
Kentucky,2006,26382
Louisiana,2006,27026
Maine,2006,32245
Maryland,2006,34982
Massachusetts,2006,39588
Michigan,2006,28423
Minnesota,2006,33983
Mississippi,2006,23804
Missouri,2006,29419
Montana,2006,29551
Nebraska,2006,29560
Nevada,2006,32125
New Hampshire,2006,37294
New Jersey,2006,37750
New Mexico,2006,26344
New York,2006,33138
North Carolina,2006,27851
North Dakota,2006,29670
Ohio,2006,28793
Oklahoma,2006,25666
Oregon,2006,30430
Pennsylvania,2006,32456
Rhode Island,2006,32520
South Carolina,2006,27490
South Dakota,2006,28171
Tennessee,2006,27592
Texas,2006,28314
Utah,2006,26129
Vermont,2006,34444
Virginia,2006,33267
Washington,2006,32914
West Virginia,2006,25238
Wisconsin,2006,30197
Wyoming,2006,31550
Alabama,2007,27160
Alaska,2007,37656
Arizona,2007,31513
Arkansas,2007,25472
California,2007,34659
Colorado,2007,34856
Connecticut,2007,40184
Delaware,2007,36992
Florida,2007,34302
Georgia,2007,29635
Hawaii,2007,34497
Idaho,2007,27270
Illinois,2007,33372
Indiana,2007,28595
Iowa,2007,28819
Kansas,2007,30830
Kentucky,2007,27048
Louisiana,2007,28207
Maine,2007,33294
Maryland,2007,36354
Massachusetts,2007,40715
Michigan,2007,29334
Minnesota,2007,34805
Mississippi,2007,24819
Missouri,2007,30560
Montana,2007,31259
Nebraska,2007,30767
Nevada,2007,33101
New Hampshire,2007,39040
New Jersey,2007,39189
New Mexico,2007,27502
New York,2007,34774
North Carolina,2007,28953
North Dakota,2007,31270
Ohio,2007,29841
Oklahoma,2007,26843
Oregon,2007,31593
Pennsylvania,2007,33722
Rhode Island,2007,33846
South Carolina,2007,28740
South Dakota,2007,29197
Tennessee,2007,28709
Texas,2007,29473
Utah,2007,27456
Vermont,2007,35819
Virginia,2007,34647
Washington,2007,34389
West Virginia,2007,26240
Wisconsin,2007,31169
Wyoming,2007,33548
Alabama,2008,27555
Alaska,2008,38911
Arizona,2008,31456
Arkansas,2008,26147
California,2008,35379
Colorado,2008,35436
Connecticut,2008,41165
Delaware,2008,37327
Florida,2008,34522
Georgia,2008,29683
Hawaii,2008,35574
Idaho,2008,27290
Illinois,2008,34024
Indiana,2008,29149
Iowa,2008,29761
Kansas,2008,31579
Kentucky,2008,27754
Louisiana,2008,29037
Maine,2008,34194
Maryland,2008,37207
Massachusetts,2008,41751
Michigan,2008,30327
Minnesota,2008,35809
Mississippi,2008,25510
Missouri,2008,31588
Montana,2008,32496
Nebraska,2008,31772
Nevada,2008,33106
New Hampshire,2008,39545
New Jersey,2008,40170
New Mexico,2008,28471
New York,2008,35849
North Carolina,2008,29283
North Dakota,2008,32599
Ohio,2008,30314
Oklahoma,2008,27817
Oregon,2008,31897
Pennsylvania,2008,34787
Rhode Island,2008,34434
South Carolina,2008,29323
South Dakota,2008,30415
Tennessee,2008,29062
Texas,2008,30200
Utah,2008,27808
Vermont,2008,36976
Virginia,2008,35537
Washington,2008,35397
West Virginia,2008,27267
Wisconsin,2008,31956
Wyoming,2008,34161
Alabama,2009,26958
Alaska,2009,38871
Arizona,2009,30090
Arkansas,2009,25712
California,2009,33919
Colorado,2009,34335
Connecticut,2009,40137
Delaware,2009,36558
Florida,2009,33263
Georgia,2009,28587
Hawaii,2009,34879
Idaho,2009,26145
Illinois,2009,33156
Indiana,2009,28558
Iowa,2009,29602
Kansas,2009,30648
Kentucky,2009,27576
Louisiana,2009,28740
Maine,2009,34300
Maryland,2009,36548
Massachusetts,2009,41046
Michigan,2009,29912
Minnesota,2009,35010
Mississippi,2009,25091
Missouri,2009,30989
Montana,2009,31485
Nebraska,2009,31007
Nevada,2009,31132
New Hampshire,2009,39300
New Jersey,2009,39123
New Mexico,2009,27866
New York,2009,35509
North Carolina,2009,28469
North Dakota,2009,33073
Ohio,2009,29795
Oklahoma,2009,27008
Oregon,2009,30958
Pennsylvania,2009,34343
Rhode Island,2009,34118
South Carolina,2009,28588
South Dakota,2009,30309
Tennessee,2009,28370
Texas,2009,29593
Utah,2009,26763
Vermont,2009,36954
Virginia,2009,34817
Washington,2009,34437
West Virginia,2009,27627
Wisconsin,2009,31480
Wyoming,2009,33487
Alabama,2010,27634
Alaska,2010,39968
Arizona,2010,30693
Arkansas,2010,26513
California,2010,34777
Colorado,2010,34871
Connecticut,2010,40978
Delaware,2010,37503
Florida,2010,34140
Georgia,2010,29170
Hawaii,2010,35172
Idaho,2010,26608
Illinois,2010,34161
Indiana,2010,29371
Iowa,2010,30456
Kansas,2010,31143
Kentucky,2010,28392
Louisiana,2010,29578
Maine,2010,35592
Maryland,2010,37405
Massachusetts,2010,42159
Michigan,2010,31173
Minnesota,2010,36024
Mississippi,2010,25986
Missouri,2010,31960
Montana,2010,33123
Nebraska,2010,32245
Nevada,2010,31626
New Hampshire,2010,40511
New Jersey,2010,40042
New Mexico,2010,28465
New York,2010,36723
North Carolina,2010,29346
North Dakota,2010,34381
Ohio,2010,30782
Oklahoma,2010,27938
Oregon,2010,31718
Pennsylvania,2010,35654
Rhode Island,2010,34689
South Carolina,2010,29679
South Dakota,2010,31812
Tennessee,2010,29336
Texas,2010,30573
Utah,2010,26917
Vermont,2010,38120
Virginia,2010,35834
Washington,2010,35123
West Virginia,2010,28720
Wisconsin,2010,32465
Wyoming,2010,34006
Alabama,2011,28420
Alaska,2011,41449
Arizona,2011,31596
Arkansas,2011,27560
California,2011,35971
Colorado,2011,36110
Connecticut,2011,41987
Delaware,2011,38827
Florida,2011,35387
Georgia,2011,30203
Hawaii,2011,35940
Idaho,2011,27447
Illinois,2011,35291
Indiana,2011,30369
Iowa,2011,31733
Kansas,2011,32249
Kentucky,2011,29278
Louisiana,2011,30548
Maine,2011,36888
Maryland,2011,38451
Massachusetts,2011,43317
Michigan,2011,32379
Minnesota,2011,37337
Mississippi,2011,26892
Missouri,2011,33117
Montana,2011,34474
Nebraska,2011,33759
Nevada,2011,32786
New Hampshire,2011,41544
New Jersey,2011,40783
New Mexico,2011,29514
New York,2011,38011
North Carolina,2011,30360
North Dakota,2011,37295
Ohio,2011,31960
Oklahoma,2011,29180
Oregon,2011,32654
Pennsylvania,2011,36831
Rhode Island,2011,35566
South Carolina,2011,30733
South Dakota,2011,32753
Tennessee,2011,30432
Texas,2011,31911
Utah,2011,27772
Vermont,2011,39855
Virginia,2011,36759
Washington,2011,36275
West Virginia,2011,29997
Wisconsin,2011,33534
Wyoming,2011,35846
Alabama,2012,28916
Alaska,2012,42455
Arizona,2012,32289
Arkansas,2012,28228
California,2012,37111
Colorado,2012,36576
Connecticut,2012,42958
Delaware,2012,39305
Florida,2012,36301
Georgia,2012,30880
Hawaii,2012,36664
Idaho,2012,28099
Illinois,2012,36010
Indiana,2012,31368
Iowa,2012,32497
Kansas,2012,32798
Kentucky,2012,29858
Louisiana,2012,31288
Maine,2012,37028
Maryland,2012,39062
Massachusetts,2012,44080
Michigan,2012,33396
Minnesota,2012,38165
Mississippi,2012,27446
Missouri,2012,34100
Montana,2012,35269
Nebraska,2012,34609
Nevada,2012,33406
New Hampshire,2012,42583
New Jersey,2012,41733
New Mexico,2012,29949
New York,2012,38845
North Carolina,2012,31233
North Dakota,2012,40344
Ohio,2012,32987
Oklahoma,2012,29899
Oregon,2012,33247
Pennsylvania,2012,37514
Rhode Island,2012,35780
South Carolina,2012,31125
South Dakota,2012,33932
Tennessee,2012,31035
Texas,2012,32899
Utah,2012,28718
Vermont,2012,40769
Virginia,2012,37420
Washington,2012,37189
West Virginia,2012,30768
Wisconsin,2012,34030
Wyoming,2012,36879
Alabama,2013,29589
Alaska,2013,42915
Arizona,2013,33074
Arkansas,2013,28821
California,2013,37969
Colorado,2013,37803
Connecticut,2013,43905
Delaware,2013,39934
Florida,2013,37073
Georgia,2013,31763
Hawaii,2013,37767
Idaho,2013,29192
Illinois,2013,36752
Indiana,2013,31914
Iowa,2013,33091
Kansas,2013,33224
Kentucky,2013,30452
Louisiana,2013,32050
Maine,2013,37867
Maryland,2013,39608
Massachusetts,2013,44940
Michigan,2013,34337
Minnesota,2013,39023
Mississippi,2013,28018
Missouri,2013,34668
Montana,2013,36100
Nebraska,2013,35113
Nevada,2013,34275
New Hampshire,2013,43628
New Jersey,2013,42452
New Mexico,2013,30456
New York,2013,39976
North Carolina,2013,32006
North Dakota,2013,41839
Ohio,2013,33965
Oklahoma,2013,30562
Oregon,2013,34050
Pennsylvania,2013,38296
Rhode Island,2013,36786
South Carolina,2013,31975
South Dakota,2013,34569
Tennessee,2013,31459
Texas,2013,33820
Utah,2013,29407
Vermont,2013,41460
Virginia,2013,37932
Washington,2013,38212
West Virginia,2013,31407
Wisconsin,2013,34727
Wyoming,2013,37722
Alabama,2014,30359
Alaska,2014,44251
Arizona,2014,34111
Arkansas,2014,29916
California,2014,39397
Colorado,2014,39453
Connecticut,2014,45492
Delaware,2014,41305
Florida,2014,38603
Georgia,2014,33085
Hawaii,2014,38712
Idaho,2014,30149
Illinois,2014,38013
Indiana,2014,32871
Iowa,2014,34153
Kansas,2014,34094
Kentucky,2014,31278
Louisiana,2014,32991
Maine,2014,38454
Maryland,2014,40550
Massachusetts,2014,46326
Michigan,2014,35627
Minnesota,2014,40100
Mississippi,2014,28762
Missouri,2014,35565
Montana,2014,37524
Nebraska,2014,36168
Nevada,2014,35383
New Hampshire,2014,44326
New Jersey,2014,43672
New Mexico,2014,31619
New York,2014,41738
North Carolina,2014,33155
North Dakota,2014,43293
Ohio,2014,34938
Oklahoma,2014,31581
Oregon,2014,35437
Pennsylvania,2014,39198
Rhode Island,2014,38074
South Carolina,2014,33067
South Dakota,2014,35488
Tennessee,2014,32479
Texas,2014,35210
Utah,2014,30707
Vermont,2014,42772
Virginia,2014,38804
Washington,2014,39577
West Virginia,2014,32157
Wisconsin,2014,35812
Wyoming,2014,39563
Alabama,2015,31123
Alaska,2015,45019
Arizona,2015,35009
Arkansas,2015,30761
California,2015,40951
Colorado,2015,40883
Connecticut,2015,46698
Delaware,2015,41886
Florida,2015,39924
Georgia,2015,34033
Hawaii,2015,39543
Idaho,2015,30554
Illinois,2015,39180
Indiana,2015,33609
Iowa,2015,34608
Kansas,2015,34839
Kentucky,2015,32338
Louisiana,2015,33707
Maine,2015,39641
Maryland,2015,41317
Massachusetts,2015,47715
Michigan,2015,36754
Minnesota,2015,41010
Mississippi,2015,29488
Missouri,2015,36446
Montana,2015,38016
Nebraska,2015,36880
Nevada,2015,36297
New Hampshire,2015,45937
New Jersey,2015,44520
New Mexico,2015,32291
New York,2015,42753
North Carolina,2015,34166
North Dakota,2015,43351
Ohio,2015,35897
Oklahoma,2015,31789
Oregon,2015,36853
Pennsylvania,2015,40186
Rhode Island,2015,39029
South Carolina,2015,33944
South Dakota,2015,36510
Tennessee,2015,33223
Texas,2015,36046
Utah,2015,31656
Vermont,2015,43233
Virginia,2015,39386
Washington,2015,40650
West Virginia,2015,33122
Wisconsin,2015,36628
Wyoming,2015,39651
Alabama,2016,31999
Alaska,2016,45704
Arizona,2016,35871
Arkansas,2016,31829
California,2016,42472
Colorado,2016,42290
Connecticut,2016,47589
Delaware,2016,42558
Florida,2016,40691
Georgia,2016,35010
Hawaii,2016,40236
Idaho,2016,31591
Illinois,2016,40356
Indiana,2016,34625
Iowa,2016,35629
Kansas,2016,35643
Kentucky,2016,33300
Louisiana,2016,34426
Maine,2016,41396
Maryland,2016,42119
Massachusetts,2016,49052
Michigan,2016,38081
Minnesota,2016,42020
Mississippi,2016,30194
Missouri,2016,37331
Montana,2016,38359
Nebraska,2016,37860
Nevada,2016,37347
New Hampshire,2016,46876
New Jersey,2016,45594
New Mexico,2016,32895
New York,2016,44002
North Carolina,2016,35040
North Dakota,2016,43092
Ohio,2016,36833
Oklahoma,2016,32268
Oregon,2016,37857
Pennsylvania,2016,41001
Rhode Island,2016,39819
South Carolina,2016,34964
South Dakota,2016,37565
Tennessee,2016,34297
Texas,2016,36755
Utah,2016,33009
Vermont,2016,43651
Virginia,2016,40161
Washington,2016,41933
West Virginia,2016,34298
Wisconsin,2016,37575
Wyoming,2016,40450
Alabama,2017,33014
Alaska,2017,47075
Arizona,2017,37691
Arkansas,2017,32786
California,2017,44443
Colorado,2017,44286
Connecticut,2017,49085
Delaware,2017,43874
Florida,2017,42109
Georgia,2017,36469
Hawaii,2017,42053
Idaho,2017,32708
Illinois,2017,41754
Indiana,2017,36171
Iowa,2017,36788
Kansas,2017,36709
Kentucky,2017,34455
Louisiana,2017,35578
Maine,2017,43241
Maryland,2017,43142
Massachusetts,2017,50984
Michigan,2017,39450
Minnesota,2017,43519
Mississippi,2017,30951
Missouri,2017,38477
Montana,2017,39682
Nebraska,2017,38865
Nevada,2017,39020
New Hampshire,2017,49081
New Jersey,2017,46727
New Mexico,2017,33852
New York,2017,45818
North Carolina,2017,36382
North Dakota,2017,43075
Ohio,2017,38163
Oklahoma,2017,33225
Oregon,2017,39694
Pennsylvania,2017,42351
Rhode Island,2017,41036
South Carolina,2017,36010
South Dakota,2017,38779
Tennessee,2017,35607
Texas,2017,38071
Utah,2017,34413
Vermont,2017,44889
Virginia,2017,41090
Washington,2017,43732
West Virginia,2017,35124
Wisconsin,2017,39052
Wyoming,2017,41472
Alabama,2018,34048
Alaska,2018,48904
Arizona,2018,39317
Arkansas,2018,34152
California,2018,46948
Colorado,2018,46118
Connecticut,2018,50889
Delaware,2018,45778
Florida,2018,44010
Georgia,2018,37966
Hawaii,2018,43819
Idaho,2018,33961
Illinois,2018,43629
Indiana,2018,37592
Iowa,2018,37816
Kansas,2018,37966
Kentucky,2018,35940
Louisiana,2018,36862
Maine,2018,45250
Maryland,2018,44609
Massachusetts,2018,52861
Michigan,2018,40991
Minnesota,2018,45228
Mississippi,2018,31767
Missouri,2018,39943
Montana,2018,41573
Nebraska,2018,39993
Nevada,2018,40618
New Hampshire,2018,50569
New Jersey,2018,48405
New Mexico,2018,35348
New York,2018,47932
North Carolina,2018,37776
North Dakota,2018,44506
Ohio,2018,39379
Oklahoma,2018,34622
Oregon,2018,41613
Pennsylvania,2018,44338
Rhode Island,2018,42595
South Carolina,2018,37188
South Dakota,2018,40371
Tennessee,2018,36768
Texas,2018,39454
Utah,2018,36272
Vermont,2018,47254
Virginia,2018,42642
Washington,2018,45818
West Virginia,2018,36710
Wisconsin,2018,40430
Wyoming,2018,42890
Alabama,2019,35385
Alaska,2019,50180
Arizona,2019,40565
Arkansas,2019,34756
California,2019,49083
Colorado,2019,48128
Connecticut,2019,51765
Delaware,2019,46731
Florida,2019,45332
Georgia,2019,39112
Hawaii,2019,45887
Idaho,2019,34701
Illinois,2019,44729
Indiana,2019,38361
Iowa,2019,38636
Kansas,2019,39012
Kentucky,2019,36729
Louisiana,2019,37894
Maine,2019,46368
Maryland,2019,45350
Massachusetts,2019,54500
Michigan,2019,42091
Minnesota,2019,45930
Mississippi,2019,32405
Missouri,2019,40777
Montana,2019,42615
Nebraska,2019,40935
Nevada,2019,41799
New Hampshire,2019,51891
New Jersey,2019,50118
New Mexico,2019,35760
New York,2019,49760
North Carolina,2019,39109
North Dakota,2019,45836
Ohio,2019,40412
Oklahoma,2019,35159
Oregon,2019,42838
Pennsylvania,2019,45538
Rhode Island,2019,43725
South Carolina,2019,38389
South Dakota,2019,41374
Tennessee,2019,38045
Texas,2019,40554
Utah,2019,37749
Vermont,2019,48228
Virginia,2019,43710
Washington,2019,47285
West Virginia,2019,37687
Wisconsin,2019,41504
Wyoming,2019,43916
Alabama,2020,34944
Alaska,2020,47839
Arizona,2020,40622
Arkansas,2020,35035
California,2020,47801
Colorado,2020,47410
Connecticut,2020,51555
Delaware,2020,45090
Florida,2020,44721
Georgia,2020,38444
Hawaii,2020,44135
Idaho,2020,34731
Illinois,2020,43955
Indiana,2020,38265
Iowa,2020,37946
Kansas,2020,38606
Kentucky,2020,36540
Louisiana,2020,37480
Maine,2020,46221
Maryland,2020,43742
Massachusetts,2020,52769
Michigan,2020,41197
Minnesota,2020,43683
Mississippi,2020,32811
Missouri,2020,40313
Montana,2020,42192
Nebraska,2020,40411
Nevada,2020,40747
New Hampshire,2020,51387
New Jersey,2020,48957
New Mexico,2020,35092
New York,2020,47890
North Carolina,2020,39065
North Dakota,2020,45047
Ohio,2020,39764
Oklahoma,2020,34814
Oregon,2020,42224
Pennsylvania,2020,44208
Rhode Island,2020,43231
South Carolina,2020,38212
South Dakota,2020,41351
Tennessee,2020,37805
Texas,2020,40267
Utah,2020,38180
Vermont,2020,47285
Virginia,2020,42979
Washington,2020,46223
West Virginia,2020,37454
Wisconsin,2020,40496
Wyoming,2020,44408
Alabama,2021,39382
Alaska,2021,54127
Arizona,2021,46171
Arkansas,2021,39389
California,2021,55088
Colorado,2021,54342
Connecticut,2021,57033
Delaware,2021,50870
Florida,2021,51286
Georgia,2021,43838
Hawaii,2021,49733
Idaho,2021,39861
Illinois,2021,49621
Indiana,2021,42820
Iowa,2021,42382
Kansas,2021,42604
Kentucky,2021,41199
Louisiana,2021,42350
Maine,2021,51856
Maryland,2021,48763
Massachusetts,2021,59570
Michigan,2021,46237
Minnesota,2021,48957
Mississippi,2021,36821
Missouri,2021,45008
Montana,2021,48264
Nebraska,2021,45720
Nevada,2021,46464
New Hampshire,2021,56720
New Jersey,2021,55758
New Mexico,2021,40128
New York,2021,53685
North Carolina,2021,44394
North Dakota,2021,49367
Ohio,2021,44402
Oklahoma,2021,39035
Oregon,2021,47703
Pennsylvania,2021,49059
Rhode Island,2021,48917
South Carolina,2021,43086
South Dakota,2021,46153
Tennessee,2021,42895
Texas,2021,45622
Utah,2021,43895
Vermont,2021,51432
Virginia,2021,48247
Washington,2021,52364
West Virginia,2021,41428
Wisconsin,2021,45690
Wyoming,2021,49298
Alabama,2022,42508
Alaska,2022,59239
Arizona,2022,50725
Arkansas,2022,42327
California,2022,60778
Colorado,2022,60087
Connecticut,2022,61234
Delaware,2022,55029
Florida,2022,56597
Georgia,2022,47713
Hawaii,2022,54574
Idaho,2022,43951
Illinois,2022,54904
Indiana,2022,47211
Iowa,2022,45788
Kansas,2022,46669
Kentucky,2022,44664
Louisiana,2022,45927
Maine,2022,56375
Maryland,2022,53010
Massachusetts,2022,64989
Michigan,2022,49829
Minnesota,2022,53529
Mississippi,2022,40165
Missouri,2022,49052
Montana,2022,52568
Nebraska,2022,49850
Nevada,2022,51288
New Hampshire,2022,62253
New Jersey,2022,60356
New Mexico,2022,43787
New York,2022,59199
North Carolina,2022,48413
North Dakota,2022,53141
Ohio,2022,48117
Oklahoma,2022,42352
Oregon,2022,52515
Pennsylvania,2022,54171
Rhode Island,2022,52637
South Carolina,2022,46831
South Dakota,2022,49698
Tennessee,2022,46756
Texas,2022,49668
Utah,2022,48559
Vermont,2022,55672
Virginia,2022,52461
Washington,2022,57104
West Virginia,2022,44977
Wisconsin,2022,49930
Wyoming,2022,53869
Alabama,2023,44529
Alaska,2023,62900
Arizona,2023,53921
Arkansas,2023,44254
California,2023,64835
Colorado,2023,63781
Connecticut,2023,65128
Delaware,2023,57672
Florida,2023,60204
Georgia,2023,50282
Hawaii,2023,58115
Idaho,2023,46270
Illinois,2023,58333
Indiana,2023,49527
Iowa,2023,47833
Kansas,2023,49348
Kentucky,2023,47272
Louisiana,2023,48425
Maine,2023,60250
Maryland,2023,56052
Massachusetts,2023,69101
Michigan,2023,52210
Minnesota,2023,56489
Mississippi,2023,42131
Missouri,2023,52097
Montana,2023,55264
Nebraska,2023,52177
Nevada,2023,54054
New Hampshire,2023,65908
New Jersey,2023,63814
New Mexico,2023,46076
New York,2023,63775
North Carolina,2023,51081
North Dakota,2023,55780
Ohio,2023,50583
Oklahoma,2023,44398
Oregon,2023,55412
Pennsylvania,2023,57009
Rhode Island,2023,55967
South Carolina,2023,49252
South Dakota,2023,52133
Tennessee,2023,49326
Texas,2023,52299
Utah,2023,51027
Vermont,2023,58958
Virginia,2023,55776
Washington,2023,60528
West Virginia,2023,47589
Wisconsin,2023,52593
Wyoming,2023,56941
